{
  "posts": [
    {
      "id": 1,
      "title": "sunt aut facere repellat provident occaecati excepturi optio reprehenderit",
      "body": "quia et suscipit\nsuscipit recusandae consequuntur expedita et cum\nreprehenderit molestiae ut ut quas totam\nnostrum rerum est autem sunt rem eveniet architecto",
      "active": true,
      "author": "Massimo",
      "type": "news"
    },
    {
      "id": 2,
      "title": "qui est esse",
      "body": "est rerum tempore vitae\nsequi sint nihil reprehenderit dolor beatae ea dolores neque\nfugiat blanditiis voluptate porro vel nihil molestiae ut reiciendis\nqui aperiam non debitis possimus qui neque nisi nulla",
      "active": false,
      "author": "Pingo",
      "type": "politic"
    },
    {
      "id": 3,
      "title": "ea molestias quasi exercitationem repellat qui ipsa sit aut",
      "body": "et iusto sed quo iure\nvoluptatem occaecati omnis eligendi aut ad\nvoluptatem doloribus vel accusantium quis pariatur\nmolestiae porro eius odio et labore et velit aut",
      "active": false,
      "author": "Eweline",
      "type": "education"
    },
    {
      "id": 4,
      "title": "eum et est occaecati",
      "body": "ullam et saepe reiciendis voluptatem adipisci\nsit amet autem assumenda provident rerum culpa\nquis hic commodi nesciunt rem tenetur doloremque ipsam iure\nquis sunt voluptatem rerum illo velit",
      "active": false,
      "author": "Mauri",
      "type": "news"
    },
    {
      "id": 5,
      "title": "nesciunt quas odio",
      "body": "repudiandae veniam quaerat sunt sed\nalias aut fugiat sit autem sed est\nvoluptatem omnis possimus esse voluptatibus quis\nest aut tenetur dolor neque",
      "active": false,
      "author": "Sabrina",
      "type": "politic"
    },
    {
      "id": 6,
      "title": "dolorem eum magni eos aperiam quia",
      "body": "ut aspernatur corporis harum nihil quis provident sequi\nmollitia nobis aliquid molestiae\nperspiciatis et ea nemo ab reprehenderit accusantium quas\nvoluptate dolores velit et doloremque molestiae",
      "active": false,
      "author": "Ray",
      "type": "education"
    },
    {
      "id": 7,
      "title": "magnam facilis autem",
      "body": "dolore placeat quibusdam ea quo vitae\nmagni quis enim qui quis quo nemo aut saepe\nquidem repellat excepturi ut quia\nsunt ut sequi eos ea sed quas",
      "active": false,
      "author": "Pippo",
      "type": "news"
    },
    {
      "id": 8,
      "title": "dolorem dolore est ipsam",
      "body": "dignissimos aperiam dolorem qui eum\nfacilis quibusdam animi sint suscipit qui sint possimus cum\nquaerat magni maiores excepturi\nipsam ut commodi dolor voluptatum modi aut vitae",
      "active": false,
      "author": "Giulia",
      "type": "politic"
    },
    {
      "id": 9,
      "title": "nesciunt iure omnis dolorem tempora et accusantium",
      "body": "consectetur animi nesciunt iure dolore\nenim quia ad\nveniam autem ut quam aut nobis\net est aut quod aut provident voluptas autem voluptas",
      "active": true,
      "author": "Giulio",
      "type": "education"
    },
    {
      "id": 11,
      "title": "et ea vero quia laudantium autem",
      "body": "delectus reiciendis molestiae occaecati non minima eveniet qui voluptatibus\naccusamus in eum beatae sit\nvel qui neque voluptates ut commodi qui incidunt\nut animi commodi",
      "active": false,
      "author": "Marta",
      "type": "news"
    },
    {
      "id": 12,
      "title": "in quibusdam tempore odit est dolorem",
      "body": "itaque id aut magnam\npraesentium quia et ea odit et ea voluptas et\nsapiente quia nihil amet occaecati quia id voluptatem\nincidunt ea est distinctio odio",
      "active": true,
      "author": "Veronica",
      "type": "politic"
    },
    {
      "id": 13,
      "title": "dolorum ut in voluptas mollitia et saepe quo animi",
      "body": "aut dicta possimus sint mollitia voluptas commodi quo doloremque\niste corrupti reiciendis voluptatem eius rerum\nsit cumque quod eligendi laborum minima\nperferendis recusandae assumenda consectetur porro architecto ipsum ipsam",
      "active": true,
      "author": "Dario",
      "type": "news"
    },
    {
      "id": 14,
      "title": "voluptatem eligendi optio",
      "body": "fuga et accusamus dolorum perferendis illo voluptas\nnon doloremque neque facere\nad qui dolorum molestiae beatae\nsed aut voluptas totam sit illum",
      "active": true,
      "autor": "Flavio",
      "type": "news"
    },
    {
      "id": 15,
      "title": "eveniet quod temporibus",
      "body": "reprehenderit quos placeat\nvelit minima officia dolores impedit repudiandae molestiae nam\nvoluptas recusandae quis delectus\nofficiis harum fugiat vitae",
      "active": false,
      "author": "Sonia",
      "type": "news"
    }
  ],
  "users":[
    {
      "autore": "Maurizio",
      "email": "mv@gmail.com",
      "ruolo": "user"
    },
    {
      "autore": "Francesco",
      "email": "fl@gmail.com",
      "ruolo": "adim"
    },
    {
      "autore": "Marta",
      "email": "ml@gmail.com",
      "ruolo": "user"
    },
    {
      "autore": "Maria",
      "email": "ms@gmail.com",
      "ruolo": "adim"
    },
    {
      "autore": "Giulio",
      "email": "gt@gmail.com",
      "ruolo": "user"
    }
  ]
}
